{
  "chunking": "section",
  "k": 5,
  "n_chunks": 2599,
  "numpy": {
    "avg_ms": 20.597049984835873,
    "min_ms": 14.59969999268651,
    "max_ms": 49.13739999756217,
    "total_queries": 38
  },
  "faiss": {
    "avg_ms": 20.104715753787833,
    "min_ms": 15.215700026601553,
    "max_ms": 31.245799968019128,
    "total_queries": 38
  },
  "faiss_speedup_factor": 1.0244884949917923
}